{"note":"This file is an internal implementation detail to speed up HTML report generation. Its format can change at any time. You might be looking for the JSON report: https://coverage.rtfd.io/cmd.html#cmd-json","format":5,"version":"7.5.3","globals":"345ea31f6dc8d56c8ca532378d0a565e","files":{"z_1d599d383af40c7b___init___py":{"hash":"e6baa73cda2916dad605215f937a92e1","index":{"url":"z_1d599d383af40c7b___init___py.html","file":"Analysis/__init__.py","description":"","nums":{"precision":0,"n_files":1,"n_statements":0,"n_excluded":0,"n_missing":0,"n_branches":0,"n_partial_branches":0,"n_missing_branches":0}}},"z_1d599d383af40c7b_admin_py":{"hash":"706fd7b62caa1fcb83958d82b3534061","index":{"url":"z_1d599d383af40c7b_admin_py.html","file":"Analysis/admin.py","description":"","nums":{"precision":0,"n_files":1,"n_statements":0,"n_excluded":0,"n_missing":0,"n_branches":0,"n_partial_branches":0,"n_missing_branches":0}}},"z_1d599d383af40c7b_apps_py":{"hash":"3a019ad636d00e4210ca6b53cfbeea1a","index":{"url":"z_1d599d383af40c7b_apps_py.html","file":"Analysis/apps.py","description":"","nums":{"precision":0,"n_files":1,"n_statements":4,"n_excluded":0,"n_missing":0,"n_branches":0,"n_partial_branches":0,"n_missing_branches":0}}},"z_b4e65fae0ac8374d_0001_initial_py":{"hash":"65eeaca558a55368077fd7cb85ae3e9d","index":{"url":"z_b4e65fae0ac8374d_0001_initial_py.html","file":"Analysis/migrations/0001_initial.py","description":"","nums":{"precision":0,"n_files":1,"n_statements":5,"n_excluded":0,"n_missing":0,"n_branches":0,"n_partial_branches":0,"n_missing_branches":0}}},"z_b4e65fae0ac8374d___init___py":{"hash":"e6baa73cda2916dad605215f937a92e1","index":{"url":"z_b4e65fae0ac8374d___init___py.html","file":"Analysis/migrations/__init__.py","description":"","nums":{"precision":0,"n_files":1,"n_statements":0,"n_excluded":0,"n_missing":0,"n_branches":0,"n_partial_branches":0,"n_missing_branches":0}}},"z_1d599d383af40c7b_models_py":{"hash":"3e4ae91c216e839594e47e9a5748c078","index":{"url":"z_1d599d383af40c7b_models_py.html","file":"Analysis/models.py","description":"","nums":{"precision":0,"n_files":1,"n_statements":53,"n_excluded":0,"n_missing":0,"n_branches":0,"n_partial_branches":0,"n_missing_branches":0}}},"z_1d599d383af40c7b_urls_py":{"hash":"d0752558bfa4736a88ba093714b6d79b","index":{"url":"z_1d599d383af40c7b_urls_py.html","file":"Analysis/urls.py","description":"","nums":{"precision":0,"n_files":1,"n_statements":3,"n_excluded":0,"n_missing":0,"n_branches":0,"n_partial_branches":0,"n_missing_branches":0}}},"z_1d599d383af40c7b_views_py":{"hash":"8bb1c0803b595e4e5e4a3220bc578a39","index":{"url":"z_1d599d383af40c7b_views_py.html","file":"Analysis/views.py","description":"","nums":{"precision":0,"n_files":1,"n_statements":341,"n_excluded":0,"n_missing":0,"n_branches":0,"n_partial_branches":0,"n_missing_branches":0}}},"z_00b40f3183fd181a___init___py":{"hash":"e6baa73cda2916dad605215f937a92e1","index":{"url":"z_00b40f3183fd181a___init___py.html","file":"DashBoard/__init__.py","description":"","nums":{"precision":0,"n_files":1,"n_statements":0,"n_excluded":0,"n_missing":0,"n_branches":0,"n_partial_branches":0,"n_missing_branches":0}}},"z_00b40f3183fd181a_apps_py":{"hash":"7061ee6b2746bc57ca01d29696798012","index":{"url":"z_00b40f3183fd181a_apps_py.html","file":"DashBoard/apps.py","description":"","nums":{"precision":0,"n_files":1,"n_statements":4,"n_excluded":0,"n_missing":0,"n_branches":0,"n_partial_branches":0,"n_missing_branches":0}}},"z_00b40f3183fd181a_forms_py":{"hash":"7e2573e2b162ec60ce02e39a8262992f","index":{"url":"z_00b40f3183fd181a_forms_py.html","file":"DashBoard/forms.py","description":"","nums":{"precision":0,"n_files":1,"n_statements":15,"n_excluded":0,"n_missing":0,"n_branches":0,"n_partial_branches":0,"n_missing_branches":0}}},"z_c9abf7cf6e778d6e_0001_initial_py":{"hash":"345e949c06024cb66c3bf2aed7876523","index":{"url":"z_c9abf7cf6e778d6e_0001_initial_py.html","file":"DashBoard/migrations/0001_initial.py","description":"","nums":{"precision":0,"n_files":1,"n_statements":8,"n_excluded":0,"n_missing":0,"n_branches":0,"n_partial_branches":0,"n_missing_branches":0}}},"z_c9abf7cf6e778d6e___init___py":{"hash":"e6baa73cda2916dad605215f937a92e1","index":{"url":"z_c9abf7cf6e778d6e___init___py.html","file":"DashBoard/migrations/__init__.py","description":"","nums":{"precision":0,"n_files":1,"n_statements":0,"n_excluded":0,"n_missing":0,"n_branches":0,"n_partial_branches":0,"n_missing_branches":0}}},"z_00b40f3183fd181a_models_py":{"hash":"811b1935d0a2b3891df31843a000bce2","index":{"url":"z_00b40f3183fd181a_models_py.html","file":"DashBoard/models.py","description":"","nums":{"precision":0,"n_files":1,"n_statements":39,"n_excluded":0,"n_missing":0,"n_branches":0,"n_partial_branches":0,"n_missing_branches":0}}},"z_00b40f3183fd181a_urls_py":{"hash":"1cc317ee6c5418507b3bd5f2664f1724","index":{"url":"z_00b40f3183fd181a_urls_py.html","file":"DashBoard/urls.py","description":"","nums":{"precision":0,"n_files":1,"n_statements":3,"n_excluded":0,"n_missing":0,"n_branches":0,"n_partial_branches":0,"n_missing_branches":0}}},"z_00b40f3183fd181a_views_py":{"hash":"5f1df451c9a647f7fdac2175898a8231","index":{"url":"z_00b40f3183fd181a_views_py.html","file":"DashBoard/views.py","description":"","nums":{"precision":0,"n_files":1,"n_statements":335,"n_excluded":0,"n_missing":0,"n_branches":0,"n_partial_branches":0,"n_missing_branches":0}}},"z_9592f5c51f9f9622___init___py":{"hash":"e6baa73cda2916dad605215f937a92e1","index":{"url":"z_9592f5c51f9f9622___init___py.html","file":"FAT/__init__.py","description":"","nums":{"precision":0,"n_files":1,"n_statements":0,"n_excluded":0,"n_missing":0,"n_branches":0,"n_partial_branches":0,"n_missing_branches":0}}},"z_9ec52264f4ff17ca___init___py":{"hash":"e6baa73cda2916dad605215f937a92e1","index":{"url":"z_9ec52264f4ff17ca___init___py.html","file":"FAT/routers/__init__.py","description":"","nums":{"precision":0,"n_files":1,"n_statements":0,"n_excluded":0,"n_missing":0,"n_branches":0,"n_partial_branches":0,"n_missing_branches":0}}},"z_9ec52264f4ff17ca_router_bases_datos_py":{"hash":"6b74aaa10f642b7f1eef7d5084e2d968","index":{"url":"z_9ec52264f4ff17ca_router_bases_datos_py.html","file":"FAT/routers/router_bases_datos.py","description":"","nums":{"precision":0,"n_files":1,"n_statements":31,"n_excluded":0,"n_missing":0,"n_branches":0,"n_partial_branches":0,"n_missing_branches":0}}},"z_9592f5c51f9f9622_settings_py":{"hash":"eef044b2c7fc1b670121766d434c8a50","index":{"url":"z_9592f5c51f9f9622_settings_py.html","file":"FAT/settings.py","description":"","nums":{"precision":0,"n_files":1,"n_statements":28,"n_excluded":0,"n_missing":1,"n_branches":0,"n_partial_branches":0,"n_missing_branches":0}}},"z_9592f5c51f9f9622_urls_py":{"hash":"eef3a98808d6f1dfa18ca3e55409b193","index":{"url":"z_9592f5c51f9f9622_urls_py.html","file":"FAT/urls.py","description":"","nums":{"precision":0,"n_files":1,"n_statements":5,"n_excluded":0,"n_missing":0,"n_branches":0,"n_partial_branches":0,"n_missing_branches":0}}},"z_5f0b4a77341a9885___init___py":{"hash":"e6baa73cda2916dad605215f937a92e1","index":{"url":"z_5f0b4a77341a9885___init___py.html","file":"Lab/__init__.py","description":"","nums":{"precision":0,"n_files":1,"n_statements":0,"n_excluded":0,"n_missing":0,"n_branches":0,"n_partial_branches":0,"n_missing_branches":0}}},"z_5f0b4a77341a9885_apps_py":{"hash":"b99e63f506294d6934e19570f71ffbd1","index":{"url":"z_5f0b4a77341a9885_apps_py.html","file":"Lab/apps.py","description":"","nums":{"precision":0,"n_files":1,"n_statements":4,"n_excluded":0,"n_missing":0,"n_branches":0,"n_partial_branches":0,"n_missing_branches":0}}},"z_5f0b4a77341a9885_forms_py":{"hash":"d1fb18b8cf0ef9cd88efd6b1111462ba","index":{"url":"z_5f0b4a77341a9885_forms_py.html","file":"Lab/forms.py","description":"","nums":{"precision":0,"n_files":1,"n_statements":35,"n_excluded":0,"n_missing":0,"n_branches":0,"n_partial_branches":0,"n_missing_branches":0}}},"z_faa01a6c1a81ce33___init___py":{"hash":"e6baa73cda2916dad605215f937a92e1","index":{"url":"z_faa01a6c1a81ce33___init___py.html","file":"Lab/migrations/__init__.py","description":"","nums":{"precision":0,"n_files":1,"n_statements":0,"n_excluded":0,"n_missing":0,"n_branches":0,"n_partial_branches":0,"n_missing_branches":0}}},"z_5f0b4a77341a9885_urls_py":{"hash":"9cdf2da37647b340ba0a5a733460ece9","index":{"url":"z_5f0b4a77341a9885_urls_py.html","file":"Lab/urls.py","description":"","nums":{"precision":0,"n_files":1,"n_statements":4,"n_excluded":0,"n_missing":0,"n_branches":0,"n_partial_branches":0,"n_missing_branches":0}}},"z_5f0b4a77341a9885_views_py":{"hash":"a81ce8f8bb5b1e37fb43c37585e295e6","index":{"url":"z_5f0b4a77341a9885_views_py.html","file":"Lab/views.py","description":"","nums":{"precision":0,"n_files":1,"n_statements":689,"n_excluded":0,"n_missing":8,"n_branches":0,"n_partial_branches":0,"n_missing_branches":0}}},"z_aed72411daf9b6a7___init___py":{"hash":"e6baa73cda2916dad605215f937a92e1","index":{"url":"z_aed72411daf9b6a7___init___py.html","file":"News/__init__.py","description":"","nums":{"precision":0,"n_files":1,"n_statements":0,"n_excluded":0,"n_missing":0,"n_branches":0,"n_partial_branches":0,"n_missing_branches":0}}},"z_aed72411daf9b6a7_apps_py":{"hash":"5d9583eb6e1e34d4036176965186da49","index":{"url":"z_aed72411daf9b6a7_apps_py.html","file":"News/apps.py","description":"","nums":{"precision":0,"n_files":1,"n_statements":4,"n_excluded":0,"n_missing":0,"n_branches":0,"n_partial_branches":0,"n_missing_branches":0}}},"z_b97e054d96706118___init___py":{"hash":"e6baa73cda2916dad605215f937a92e1","index":{"url":"z_b97e054d96706118___init___py.html","file":"News/migrations/__init__.py","description":"","nums":{"precision":0,"n_files":1,"n_statements":0,"n_excluded":0,"n_missing":0,"n_branches":0,"n_partial_branches":0,"n_missing_branches":0}}},"z_aed72411daf9b6a7_urls_py":{"hash":"7f0dca0eee51e7117cae1e54bd5763d8","index":{"url":"z_aed72411daf9b6a7_urls_py.html","file":"News/urls.py","description":"","nums":{"precision":0,"n_files":1,"n_statements":3,"n_excluded":0,"n_missing":0,"n_branches":0,"n_partial_branches":0,"n_missing_branches":0}}},"z_aed72411daf9b6a7_views_py":{"hash":"eec19f2890570338b3c14eaa0149da42","index":{"url":"z_aed72411daf9b6a7_views_py.html","file":"News/views.py","description":"","nums":{"precision":0,"n_files":1,"n_statements":115,"n_excluded":0,"n_missing":0,"n_branches":0,"n_partial_branches":0,"n_missing_branches":0}}},"z_71b4a44c4caf17e6___init___py":{"hash":"e6baa73cda2916dad605215f937a92e1","index":{"url":"z_71b4a44c4caf17e6___init___py.html","file":"log/logger/__init__.py","description":"","nums":{"precision":0,"n_files":1,"n_statements":0,"n_excluded":0,"n_missing":0,"n_branches":0,"n_partial_branches":0,"n_missing_branches":0}}},"z_71b4a44c4caf17e6_logger_py":{"hash":"e3fe703ae9ba519db98bddd0ff304629","index":{"url":"z_71b4a44c4caf17e6_logger_py.html","file":"log/logger/logger.py","description":"","nums":{"precision":0,"n_files":1,"n_statements":13,"n_excluded":0,"n_missing":0,"n_branches":0,"n_partial_branches":0,"n_missing_branches":0}}},"manage_py":{"hash":"5d3d34cda2334a974b26bf75577deff7","index":{"url":"manage_py.html","file":"manage.py","description":"","nums":{"precision":0,"n_files":1,"n_statements":11,"n_excluded":0,"n_missing":2,"n_branches":0,"n_partial_branches":0,"n_missing_branches":0}}},"z_5865126b3516fdf6___init___py":{"hash":"e6baa73cda2916dad605215f937a92e1","index":{"url":"z_5865126b3516fdf6___init___py.html","file":"tests/Analysis/__init__.py","description":"","nums":{"precision":0,"n_files":1,"n_statements":0,"n_excluded":0,"n_missing":0,"n_branches":0,"n_partial_branches":0,"n_missing_branches":0}}},"z_5865126b3516fdf6_test_Analysis_urls_py":{"hash":"322d06a1f8d6d5eb54a6f63a52909c36","index":{"url":"z_5865126b3516fdf6_test_Analysis_urls_py.html","file":"tests/Analysis/test_Analysis_urls.py","description":"","nums":{"precision":0,"n_files":1,"n_statements":40,"n_excluded":0,"n_missing":0,"n_branches":0,"n_partial_branches":0,"n_missing_branches":0}}},"z_5865126b3516fdf6_test_Analysis_views_py":{"hash":"649d7a25152c2b20d91a42a038e85a9f","index":{"url":"z_5865126b3516fdf6_test_Analysis_views_py.html","file":"tests/Analysis/test_Analysis_views.py","description":"","nums":{"precision":0,"n_files":1,"n_statements":387,"n_excluded":0,"n_missing":0,"n_branches":0,"n_partial_branches":0,"n_missing_branches":0}}},"z_5865126b3516fdf6_test_analysis_models_py":{"hash":"ed662af475828a574457d65c60cc2560","index":{"url":"z_5865126b3516fdf6_test_analysis_models_py.html","file":"tests/Analysis/test_analysis_models.py","description":"","nums":{"precision":0,"n_files":1,"n_statements":70,"n_excluded":0,"n_missing":0,"n_branches":0,"n_partial_branches":0,"n_missing_branches":0}}},"z_4bbcd00bc551a3d3___init___py":{"hash":"e6baa73cda2916dad605215f937a92e1","index":{"url":"z_4bbcd00bc551a3d3___init___py.html","file":"tests/DashBoard/__init__.py","description":"","nums":{"precision":0,"n_files":1,"n_statements":0,"n_excluded":0,"n_missing":0,"n_branches":0,"n_partial_branches":0,"n_missing_branches":0}}},"z_4bbcd00bc551a3d3_test_DashBoard_models_py":{"hash":"f05fed5d89ffa31f886ae009e009c7f3","index":{"url":"z_4bbcd00bc551a3d3_test_DashBoard_models_py.html","file":"tests/DashBoard/test_DashBoard_models.py","description":"","nums":{"precision":0,"n_files":1,"n_statements":63,"n_excluded":0,"n_missing":0,"n_branches":0,"n_partial_branches":0,"n_missing_branches":0}}},"z_4bbcd00bc551a3d3_test_DashBoard_urls_py":{"hash":"d7e8e8cd390dde4016e62b327e490d1d","index":{"url":"z_4bbcd00bc551a3d3_test_DashBoard_urls_py.html","file":"tests/DashBoard/test_DashBoard_urls.py","description":"","nums":{"precision":0,"n_files":1,"n_statements":40,"n_excluded":0,"n_missing":0,"n_branches":0,"n_partial_branches":0,"n_missing_branches":0}}},"z_4bbcd00bc551a3d3_test_DashBoard_views_py":{"hash":"3c2042c4522d31cb2f233bc4e69fb69a","index":{"url":"z_4bbcd00bc551a3d3_test_DashBoard_views_py.html","file":"tests/DashBoard/test_DashBoard_views.py","description":"","nums":{"precision":0,"n_files":1,"n_statements":409,"n_excluded":0,"n_missing":0,"n_branches":0,"n_partial_branches":0,"n_missing_branches":0}}},"z_3303d88af26fdfcd___init___py":{"hash":"e6baa73cda2916dad605215f937a92e1","index":{"url":"z_3303d88af26fdfcd___init___py.html","file":"tests/FAT/__init__.py","description":"","nums":{"precision":0,"n_files":1,"n_statements":0,"n_excluded":0,"n_missing":0,"n_branches":0,"n_partial_branches":0,"n_missing_branches":0}}},"z_3303d88af26fdfcd_test_FAT_routers_py":{"hash":"8d482ae668b24e29f312374cf526abd2","index":{"url":"z_3303d88af26fdfcd_test_FAT_routers_py.html","file":"tests/FAT/test_FAT_routers.py","description":"","nums":{"precision":0,"n_files":1,"n_statements":45,"n_excluded":0,"n_missing":0,"n_branches":0,"n_partial_branches":0,"n_missing_branches":0}}},"z_3303d88af26fdfcd_test_FAT_settings_py":{"hash":"2b76ca4211f38fbc76c87d8c729f1596","index":{"url":"z_3303d88af26fdfcd_test_FAT_settings_py.html","file":"tests/FAT/test_FAT_settings.py","description":"","nums":{"precision":0,"n_files":1,"n_statements":27,"n_excluded":0,"n_missing":0,"n_branches":0,"n_partial_branches":0,"n_missing_branches":0}}},"z_3303d88af26fdfcd_test_FAT_urls_py":{"hash":"b9256d567757a4bbe2be2a4ebd9b329e","index":{"url":"z_3303d88af26fdfcd_test_FAT_urls_py.html","file":"tests/FAT/test_FAT_urls.py","description":"","nums":{"precision":0,"n_files":1,"n_statements":36,"n_excluded":0,"n_missing":0,"n_branches":0,"n_partial_branches":0,"n_missing_branches":0}}},"z_a0d2e595402c7b37___init___py":{"hash":"e6baa73cda2916dad605215f937a92e1","index":{"url":"z_a0d2e595402c7b37___init___py.html","file":"tests/Lab/__init__.py","description":"","nums":{"precision":0,"n_files":1,"n_statements":0,"n_excluded":0,"n_missing":0,"n_branches":0,"n_partial_branches":0,"n_missing_branches":0}}},"z_a0d2e595402c7b37_test_Lab_urls_py":{"hash":"a39b54bcb61f476c6a7e746b2cf1db4b","index":{"url":"z_a0d2e595402c7b37_test_Lab_urls_py.html","file":"tests/Lab/test_Lab_urls.py","description":"","nums":{"precision":0,"n_files":1,"n_statements":48,"n_excluded":0,"n_missing":0,"n_branches":0,"n_partial_branches":0,"n_missing_branches":0}}},"z_a0d2e595402c7b37_test_Lab_views_py":{"hash":"d3f0a04965c5d542696f440c22fb83d0","index":{"url":"z_a0d2e595402c7b37_test_Lab_views_py.html","file":"tests/Lab/test_Lab_views.py","description":"","nums":{"precision":0,"n_files":1,"n_statements":790,"n_excluded":0,"n_missing":0,"n_branches":0,"n_partial_branches":0,"n_missing_branches":0}}},"z_2742760b50fd45c5___init___py":{"hash":"e6baa73cda2916dad605215f937a92e1","index":{"url":"z_2742760b50fd45c5___init___py.html","file":"tests/News/__init__.py","description":"","nums":{"precision":0,"n_files":1,"n_statements":0,"n_excluded":0,"n_missing":0,"n_branches":0,"n_partial_branches":0,"n_missing_branches":0}}},"z_2742760b50fd45c5_test_News_urls_py":{"hash":"2870716025306c6019fc228c87a216a1","index":{"url":"z_2742760b50fd45c5_test_News_urls_py.html","file":"tests/News/test_News_urls.py","description":"","nums":{"precision":0,"n_files":1,"n_statements":24,"n_excluded":0,"n_missing":0,"n_branches":0,"n_partial_branches":0,"n_missing_branches":0}}},"z_2742760b50fd45c5_test_News_views_py":{"hash":"2efe7cfffaa21aee398dd87d53c9b0d3","index":{"url":"z_2742760b50fd45c5_test_News_views_py.html","file":"tests/News/test_News_views.py","description":"","nums":{"precision":0,"n_files":1,"n_statements":56,"n_excluded":0,"n_missing":0,"n_branches":0,"n_partial_branches":0,"n_missing_branches":0}}},"z_a44f0ac069e85531___init___py":{"hash":"e6baa73cda2916dad605215f937a92e1","index":{"url":"z_a44f0ac069e85531___init___py.html","file":"tests/__init__.py","description":"","nums":{"precision":0,"n_files":1,"n_statements":0,"n_excluded":0,"n_missing":0,"n_branches":0,"n_partial_branches":0,"n_missing_branches":0}}},"z_b4b92f00014c8ef4___init___py":{"hash":"e6baa73cda2916dad605215f937a92e1","index":{"url":"z_b4b92f00014c8ef4___init___py.html","file":"tests/databases/__init__.py","description":"","nums":{"precision":0,"n_files":1,"n_statements":0,"n_excluded":0,"n_missing":0,"n_branches":0,"n_partial_branches":0,"n_missing_branches":0}}},"z_b4b92f00014c8ef4_test_databases_py":{"hash":"d674f220e8948966a0d620ae5926df27","index":{"url":"z_b4b92f00014c8ef4_test_databases_py.html","file":"tests/databases/test_databases.py","description":"","nums":{"precision":0,"n_files":1,"n_statements":107,"n_excluded":0,"n_missing":0,"n_branches":0,"n_partial_branches":0,"n_missing_branches":0}}},"z_a44f0ac069e85531_test_RSS_py":{"hash":"8b90a23ba69cd32ad695f12216835156","index":{"url":"z_a44f0ac069e85531_test_RSS_py.html","file":"tests/test_RSS.py","description":"","nums":{"precision":0,"n_files":1,"n_statements":31,"n_excluded":0,"n_missing":0,"n_branches":0,"n_partial_branches":0,"n_missing_branches":0}}},"z_a44f0ac069e85531_test_tickers_py":{"hash":"244eb7838557334be29f3eed96b90a10","index":{"url":"z_a44f0ac069e85531_test_tickers_py.html","file":"tests/test_tickers.py","description":"","nums":{"precision":0,"n_files":1,"n_statements":112,"n_excluded":0,"n_missing":0,"n_branches":0,"n_partial_branches":0,"n_missing_branches":0}}},"z_5865449b717dd869___init___py":{"hash":"e6baa73cda2916dad605215f937a92e1","index":{"url":"z_5865449b717dd869___init___py.html","file":"util/__init__.py","description":"","nums":{"precision":0,"n_files":1,"n_statements":0,"n_excluded":0,"n_missing":0,"n_branches":0,"n_partial_branches":0,"n_missing_branches":0}}},"z_1487e05f61d30de0_RSS_py":{"hash":"d82c1ba26a5c8928ec24fc1a6da35f98","index":{"url":"z_1487e05f61d30de0_RSS_py.html","file":"util/rss/RSS.py","description":"","nums":{"precision":0,"n_files":1,"n_statements":12,"n_excluded":0,"n_missing":0,"n_branches":0,"n_partial_branches":0,"n_missing_branches":0}}},"z_1487e05f61d30de0___init___py":{"hash":"e6baa73cda2916dad605215f937a92e1","index":{"url":"z_1487e05f61d30de0___init___py.html","file":"util/rss/__init__.py","description":"","nums":{"precision":0,"n_files":1,"n_statements":0,"n_excluded":0,"n_missing":0,"n_branches":0,"n_partial_branches":0,"n_missing_branches":0}}},"z_4f18ff491f84271e_Tickers_BDs_py":{"hash":"094e7c92e2834169169a4136dd91cb73","index":{"url":"z_4f18ff491f84271e_Tickers_BDs_py.html","file":"util/tickers/Tickers_BDs.py","description":"","nums":{"precision":0,"n_files":1,"n_statements":80,"n_excluded":0,"n_missing":0,"n_branches":0,"n_partial_branches":0,"n_missing_branches":0}}},"z_4f18ff491f84271e___init___py":{"hash":"e6baa73cda2916dad605215f937a92e1","index":{"url":"z_4f18ff491f84271e___init___py.html","file":"util/tickers/__init__.py","description":"","nums":{"precision":0,"n_files":1,"n_statements":0,"n_excluded":0,"n_missing":0,"n_branches":0,"n_partial_branches":0,"n_missing_branches":0}}}}}